<?xml version="1.0" encoding="UTF-8"?>
<project-private xmlns="http://www.netbeans.org/ns/project-private/1">
    <editor-bookmarks xmlns="http://www.netbeans.org/ns/editor-bookmarks/2" lastBookmarkId="0"/>
    <open-files xmlns="http://www.netbeans.org/ns/projectui-open-files/2">
        <group>
<<<<<<< HEAD
            <file>file:/C:/Users/Alfonso/Documents/Proyectos/Proyectos%20Clase/Parcial3Poo/Coliseum/src/Modelo/Cancha.java</file>
            <file>file:/C:/Users/Alfonso/Documents/Proyectos/Proyectos%20Clase/Parcial3Poo/Coliseum/src/Modelo/ListaClientes.java</file>
            <file>file:/C:/Users/Alfonso/Documents/Proyectos/Proyectos%20Clase/Parcial3Poo/Coliseum/src/Modelo/ListaReservas.java</file>
            <file>file:/C:/Users/Alfonso/Documents/Proyectos/Proyectos%20Clase/Parcial3Poo/Coliseum/src/Controlador/GestorReservas.java</file>
            <file>file:/C:/Users/Alfonso/Documents/Proyectos/Proyectos%20Clase/Parcial3Poo/Coliseum/src/Controlador/Builder.java</file>
            <file>file:/C:/Users/Alfonso/Documents/Proyectos/Proyectos%20Clase/Parcial3Poo/Coliseum/src/Vista/InicioFrame.java</file>
            <file>file:/C:/Users/Alfonso/Documents/Proyectos/Proyectos%20Clase/Parcial3Poo/Coliseum/src/Controlador/GestorClientes.java</file>
            <file>file:/C:/Users/Alfonso/Documents/Proyectos/Proyectos%20Clase/Parcial3Poo/Coliseum/src/Vista/Store.java</file>
            <file>file:/C:/Users/Alfonso/Documents/Proyectos/Proyectos%20Clase/Parcial3Poo/Coliseum/src/Vista/LoginFrame.java</file>
            <file>file:/C:/Users/Alfonso/Documents/Proyectos/Proyectos%20Clase/Parcial3Poo/Coliseum/src/Vista/ConfirmarReservaFrame.java</file>
            <file>file:/C:/Users/Alfonso/Documents/Proyectos/Proyectos%20Clase/Parcial3Poo/Coliseum/src/Modelo/Adicionales.java</file>
            <file>file:/C:/Users/Alfonso/Documents/Proyectos/Proyectos%20Clase/Parcial3Poo/Coliseum/src/Modelo/Cliente.java</file>
            <file>file:/C:/Users/Alfonso/Documents/Proyectos/Proyectos%20Clase/Parcial3Poo/Coliseum/src/Controlador/CanchaBuilder.java</file>
=======
            <file>file:/C:/Users/Sebas/Documents/GitHub/Parcial3Poo/Coliseum/src/Vista/InicioFrame.java</file>
            <file>file:/C:/Users/Sebas/Documents/GitHub/Parcial3Poo/Coliseum/src/Controlador/Singleton.java</file>
            <file>file:/C:/Users/Sebas/Documents/GitHub/Parcial3Poo/Coliseum/src/Vista/LoginFrame.java</file>
            <file>file:/C:/Users/Sebas/Documents/GitHub/Parcial3Poo/Coliseum/src/Vista/Store.java</file>
            <file>file:/C:/Users/Sebas/Documents/GitHub/Parcial3Poo/Coliseum/src/Vista/ConfirmarReservaFrame.java</file>
            <file>file:/C:/Users/Sebas/Documents/GitHub/Parcial3Poo/Coliseum/src/Controlador/Memento/Venta.java</file>
            <file>file:/C:/Users/Sebas/Documents/GitHub/Parcial3Poo/Coliseum/src/Controlador/Datos.java</file>
            <file>file:/C:/Users/Sebas/Documents/GitHub/Parcial3Poo/Coliseum/src/Controlador/Memento/Cuidador.java</file>
            <file>file:/C:/Users/Sebas/Documents/GitHub/Parcial3Poo/Coliseum/src/Vista/EditarFrame.java</file>
            <file>file:/C:/Users/Sebas/Documents/GitHub/Parcial3Poo/Coliseum/src/Controlador/Memento/MementoVenta.java</file>
            <file>file:/C:/Users/Sebas/Documents/GitHub/Parcial3Poo/Coliseum/src/Vista/VentaCorrectaFrame.java</file>
            <file>file:/C:/Users/Sebas/Documents/GitHub/Parcial3Poo/Coliseum/src/Controlador/Validaciones.java</file>
>>>>>>> origin
        </group>
    </open-files>
</project-private>
